Workbook

Sheet SPD03015_IRM(SAP)
A2: kpmg Inventory cost variance allocation (standard cost method) – recalculate 存货成本差异分摊（标准成本法）— 重新计算
A3: (This substantive procedure template is used to test the inventory cost variance allocation) (本实质性程序模板用于测试存货成本差异分摊)
A5: Procedure ID 程序编号 | C5: SPD03015
A6: Currency 币种 | C6: Rmb 人民币
A7: Unit (e.g. 000s, millions) 单位（例如千、百万）
A9: Period start date 期间开始日 | C9: 45292
A10: Period end date 期间截止日 | C10: 45657
A13: The testing steps are the steps listed for the procedure in the workflow screen. Add additional rows and columns as necessary if more testing steps are needed. 测试步骤是指工作流程工作屏中列出的本程序相关步骤。如需增加测试步骤，请根据需要增加表格的行数和列数。
A14: If the sample size for the substantive procedure is greater than the number of rows in the table below, copy and paste rows rather than inserting blank rows, to ensure that the formulas and pick-list options flow down to all rows. 如果实质性程序的样本量超过下表行数，请进行复制粘贴（而非插入空白行）以确保公式和列表选项覆盖所有行。
B16: Per production report/sub-ledger 基于生产报告/明细账 | H16: Supporting document 相关文件 | K16: 4 = Reperform the calculation | O16: Testing steps 测试步骤
A17: 序号 | B17: 物料 ID | C17: 期间 | D17: 期初库存 | E17: 期初差异金额 | F17: 本期入库 | G17: 本月新增差异金额 | H17: 本月出库分摊的差异金额 | I17: Working paper reference 工作底稿索引 | J17: [Other RDE, if applicable (please specify) 其他相关数据要素，如适用（请注明）] | K17: The stage of completion 完成阶段 | L17: 重新计算差异分摊率 | M17: 本月出库 | N17: 重新计算本月出库分摊的差异金额 | O17: Variance 差异 | P17: 评价期末存货差异计算方法的合理性。 如果实际生产接近正常产能，则根据实际生产水平评估是否会导致对制成品的差异进行系统分配，以评估期末存货是否按照实体的成本计算公式（即先进先出、平均成本等）。'1. Evaluate the reasonableness of the approach of calculating the variances included within inventory as at the period end. Assess whether it results in a systematic allocation of the variances to the manufactured goods, based on actual production levels if actual production approximates normal capacity in order to assess whether the ending inventory is recorded in accordance with the entity’s costing formula (i.e. FIFO, average, etc.). | Q17: 在根据完成阶段（即在制品、制成品）分配人工/间接制造费用的情况下，评估分配的合理性。2.To the extent labor/overheads are allocated based on the stage of completion (i.e. work-in-progress, manufactured finished goods) evaluate the reasonableness of the allocation. | R17: 3. Vouch the data used in the calculation to relevant documentation. 将计算中使用的数据核对至相应的支持性文件。 | S17: Notes 注释 | T17: Learning points
D18: A-差异分摊表/CKM3 | E18: B-差异分摊表/CKM3 | F18: C-差异分摊表/CKM3 | G18: D-差异分摊表/CKM3 | H18: E-差异分摊表/CKM3 | L18: F=（B+D)/(A+C) | M18: G-差异分摊表/CKM3 | N18: H=F*G | O18: I=H-E
A19: 1 | B19: ='SPD03014_IRM(SAP)'!C147 | C19: 202412 | D19: ='CKM3'!Z10 | E19: ='CKM3'!Z11 | F19: ='CKM3'!Z12 | G19: ='CKM3'!Z13 | H19: ='CKM3'!Z15 | I19: N/A | J19: 【<差异分摊报表>表 期初库存数量Inventory quantity at the beginning of the period 本期入库数量Inventory receipt quantity in the current period 期初库存差异Inventory amount variance at the beginning of the period 本期入库差异Inventory receipt amount variance in the current period 本期出库数量Inventory outbound quantity in the current period 本期出库差异Inventory outbound amount variance in the current period 【BOM】 审批人 审批时间 | L19: =(E19+G19)/(D19+F19) | M19: ='CKM3'!Z14 | N19: =M19*L19 | O19: =N19-H19 | P19: Reasonable合理 | Q19: Reasonable合理 | R19: Agrees相符
A20: 2 | B20: ='SPD03014_IRM(SAP)'!C151 | C20: 202407 | D20: ='CKM3'!Z56 | E20: ='CKM3'!Z57 | F20: ='CKM3'!Z58 | G20: ='CKM3'!Z59 | H20: ='CKM3'!Z61 | I20: N/A | J20: 【<差异分摊报表>表 期初库存数量Inventory quantity at the beginning of the period 本期入库数量Inventory receipt quantity in the current period 期初库存差异Inventory amount variance at the beginning of the period 本期入库差异Inventory receipt amount variance in the current period 本期出库数量Inventory outbound quantity in the current period 本期出库差异Inventory outbound amount variance in the current period 【BOM】 审批人 审批时间 | L20: =(E20+G20)/(D20+F20) | M20: ='CKM3'!Z60 | N20: =M20*L20 | O20: =N20-H20 | P20: Reasonable合理 | Q20: Reasonable合理 | R20: Agrees相符
A21: 3 | B21: ='SPD03014_IRM(SAP)'!C155 | C21: 202509 | D21: ='CKM3'!Z117 | E21: ='CKM3'!Z118 | F21: ='CKM3'!Z119 | G21: ='CKM3'!Z120 | H21: ='CKM3'!Z122 | I21: N/A | J21: 【<差异分摊报表>表 期初库存数量Inventory quantity at the beginning of the period 本期入库数量Inventory receipt quantity in the current period 期初库存差异Inventory amount variance at the beginning of the period 本期入库差异Inventory receipt amount variance in the current period 本期出库数量Inventory outbound quantity in the current period 本期出库差异Inventory outbound amount variance in the current period 【BOM】 审批人 审批时间 | L21: =(E21+G21)/(D21+F21) | M21: ='CKM3'!Z121 | N21: =M21*L21 | O21: =N21-H21 | P21: Reasonable合理 | Q21: Reasonable合理 | R21: Agrees相符
A22: 4 | B22: ='SPD03014_IRM(SAP)'!C162 | C22: 202512 | D22: ='CKM3'!Z167 | E22: ='CKM3'!Z168 | F22: ='CKM3'!Z169 | G22: ='CKM3'!Z170 | H22: ='CKM3'!Z172 | I22: N/A | J22: 【<差异分摊报表>表 期初库存数量Inventory quantity at the beginning of the period 本期入库数量Inventory receipt quantity in the current period 期初库存差异Inventory amount variance at the beginning of the period 本期入库差异Inventory receipt amount variance in the current period 本期出库数量Inventory outbound quantity in the current period 本期出库差异Inventory outbound amount variance in the current period 【BOM】 审批人 审批时间 | L22: =(E22+G22)/(D22+F22) | M22: ='CKM3'!Z171 | N22: =M22*L22 | O22: =N22-H22 | P22: Reasonable合理 | Q22: Reasonable合理 | R22: Agrees相符
A23: 5 | B23: ='SPD03014_IRM(SAP)'!C163 | C23: 202512 | D23: ='CKM3'!Z213 | E23: ='CKM3'!Z214 | F23: ='CKM3'!Z215 | G23: ='CKM3'!Z216 | H23: ='CKM3'!Z218 | I23: N/A | J23: 【<差异分摊报表>表 期初库存数量Inventory quantity at the beginning of the period 本期入库数量Inventory receipt quantity in the current period 期初库存差异Inventory amount variance at the beginning of the period 本期入库差异Inventory receipt amount variance in the current period 本期出库数量Inventory outbound quantity in the current period 本期出库差异Inventory outbound amount variance in the current period 【BOM】 审批人 审批时间 | L23: =(E23+G23)/(D23+F23) | M23: ='CKM3'!Z217 | N23: =M23*L23 | O23: =N23-H23 | P23: Reasonable合理 | Q23: Reasonable合理 | R23: Agrees相符
A25: Note: 项目组需根据被审计单位制定的存货差异分配方法修改重新计算的公式。
A27: Note: 注释：
A28: The design of this procedure template assumes that the relevant considerations for the procedure will be appropriately documented on the workflow screen for the procedure, unless they are directly addressed within this procedure template. 本程序模板的设计基于以下假设：本程序的相关考虑事项将恰当记录于与本程序有关的工作流程工作屏中，除非它们已由本程序模板直接应对。
A30: The engagement team determines whether additional tick marks, other notations and/or additional information are relevant to document on this procedure template based on any custom steps that were added to the substantive procedure and/or the results obtained from performing the steps above. 项目组应根据自主添加的任何实质性程序步骤和/或通过执行这些步骤获取的结果，确定是否需在本程序模板中添加额外的标记、其他注释及/或其他信息。
A986: Yes 是 | O986: Current period 本期
A987: No 否 | O987: Subsequent period 后续期间
A988: N/A 不适用

Sheet CKM3
A1: 1.2024年订单编号：11000437 成本中心：1100P00001
Y10: 期数库存交易数量 | Z10: 30
Y11: 期初价格差异 | Z11: -15066.9
Y12: 收货库存交易数量 | Z12: 0
Y13: 收货价格差异 | Z13: 0
Y14: 消耗库存交易数量 | Z14: 30
Y15: 消耗价格差异 | Z15: -15066.9
A49: 2.2024年订单编号：11000027 成本中心：1100P00002
Y56: 期数库存交易数量 | Z56: 117
Y57: 期初价格差异 | Z57: -589.68 | AA57: 重新评估
Y58: 收货库存交易数量 | Z58: 31
Y59: 收货价格差异 | Z59: -158.72
Y60: 消耗库存交易数量 | Z60: 45
Y61: 消耗价格差异 | Z61: -227.55
A99: 3.2025年订单编号：11001846 成本中心：1100P00002
Y117: 期数库存交易数量 | Z117: 22
Y118: 期初价格差异 | Z118: 1408
Y119: 收货库存交易数量 | Z119: 0
Y120: 收货价格差异 | Z120: 0
Y121: 消耗库存交易数量 | Z121: 2
Y122: 消耗价格差异 | Z122: 128
A148: 4.2025年订单编号：11002963 成本中心：1100P00002
Y167: 期数库存交易数量 | Z167: 32
Y168: 期初价格差异 | Z168: -30343.32
Y169: 收货库存交易数量 | Z169: 3
Y170: 收货价格差异 | Z170: 800
Y171: 消耗库存交易数量 | Z171: 4
Y172: 消耗价格差异 | Z172: -3376.38
A197: 5.2025年订单编号：11004120 成本中心：1100P00001
Y213: 期数库存交易数量 | Z213: 0
Y214: 期初价格差异 | Z214: 0
Y215: 收货库存交易数量 | Z215: 1
Y216: 收货价格差异 | Z216: 26986.29
Y217: 消耗库存交易数量 | Z217: 1
Y218: 消耗价格差异 | Z218: 26986.29
